,City,Country,Date,Max Temperature,Cloudiness,Humidity,Wind Speed,Latitude,Longitude
0,Ushuaia,AR,Sun Jul 28 14:57:37 2019,39.2,75,80,17.22,-54.81,-68.31
1,Hobart,AU,Sun Jul 28 15:00:23 2019,48.2,75,81,2.24,-42.88,147.33
2,Leningradskiy,RU,Sun Jul 28 15:02:26 2019,43.61,58,86,3.53,69.38,178.42
3,Saint-Philippe,RE,Sun Jul 28 15:02:27 2019,73.4,40,94,5.82,-21.36,55.77
4,Korsakov,RU,Sun Jul 28 15:02:27 2019,66.2,90,93,11.18,46.63,142.78
5,Vao,NC,Sun Jul 28 15:02:27 2019,67.01,48,71,5.5,-22.67,167.48
6,Mahebourg,MU,Sun Jul 28 15:02:27 2019,73.4,75,94,10.29,-20.41,57.7
7,Henties Bay,NA,Sun Jul 28 15:02:28 2019,55.0,100,93,6.02,-22.12,14.28
8,New Norfolk,AU,Sun Jul 28 15:02:28 2019,48.2,75,81,2.24,-42.78,147.06
9,Albany,AU,Sun Jul 28 15:02:28 2019,41.0,15,100,4.7,-35.02,117.88
10,Esperance,AU,Sun Jul 28 15:02:29 2019,50.0,90,100,3.36,-33.86,121.89
11,Maniwaki,CA,Sun Jul 28 15:02:29 2019,82.13,28,43,7.67,46.38,-75.98
12,Axim,GH,Sun Jul 28 15:02:29 2019,75.65,87,88,8.9,4.87,-2.24
13,Chapais,CA,Sun Jul 28 15:02:30 2019,75.2,20,57,11.41,49.78,-74.86
14,Hermanus,ZA,Sun Jul 28 14:58:23 2019,54.0,80,94,5.99,-34.42,19.24
15,Busselton,AU,Sun Jul 28 15:02:30 2019,43.0,0,72,13.62,-33.64,115.35
16,Cape Town,ZA,Sun Jul 28 14:59:24 2019,54.0,20,81,10.29,-33.93,18.42
17,Goundam,ML,Sun Jul 28 15:02:31 2019,88.79,50,52,10.09,16.42,-3.66
18,Torbay,CA,Sun Jul 28 15:02:31 2019,66.99,75,59,11.41,47.66,-52.73
19,Talnakh,RU,Sun Jul 28 15:02:32 2019,53.6,75,93,6.71,69.49,88.39
20,Solnechnyy,RU,Sun Jul 28 15:02:32 2019,61.97,100,97,1.48,50.72,136.64
21,Enkhuizen,NL,Sun Jul 28 15:02:32 2019,66.99,90,82,14.99,52.7,5.29
22,Sept-Iles,CA,Sun Jul 28 15:00:02 2019,73.4,75,64,10.29,50.2,-66.38
23,Berlevag,NO,Sun Jul 28 15:02:33 2019,44.6,75,93,18.34,70.86,29.09
24,Abuyog,PH,Sun Jul 28 15:02:33 2019,74.75,100,87,1.88,10.75,125.01
25,Sistranda,NO,Sun Jul 28 15:02:33 2019,77.0,0,65,4.7,63.73,8.83
26,Bay Roberts,CA,Sun Jul 28 15:02:34 2019,66.99,75,59,11.41,47.58,-53.28
27,Iqaluit,CA,Sun Jul 28 15:02:34 2019,51.8,20,71,4.7,63.75,-68.52
28,Busca,IT,Sun Jul 28 15:02:34 2019,77.0,1,76,6.44,44.52,7.47
29,East London,ZA,Sun Jul 28 14:58:58 2019,68.81,0,22,5.59,-33.02,27.91
30,Alice Springs,AU,Sun Jul 28 15:02:35 2019,46.4,0,36,3.36,-23.7,133.88
31,Bluff,NZ,Sun Jul 28 15:02:35 2019,46.99,100,98,4.12,-46.6,168.33
32,Celina,US,Sun Jul 28 15:02:36 2019,88.0,40,48,13.87,40.55,-84.57
33,Isangel,VU,Sun Jul 28 15:02:36 2019,68.0,20,82,9.46,-19.55,169.27
34,Port Lincoln,AU,Sun Jul 28 15:02:37 2019,56.57,11,64,12.59,-34.72,135.86
35,Hofn,IS,Sun Jul 28 15:02:37 2019,47.03,100,94,3.69,64.25,-15.21
36,Kurilsk,RU,Sun Jul 28 15:02:37 2019,59.99,43,89,6.85,45.23,147.88
37,Vadso,NO,Sun Jul 28 15:02:37 2019,42.8,75,81,13.87,70.07,29.75
38,Mitsamiouli,KM,Sun Jul 28 15:02:38 2019,75.2,40,78,2.24,-11.38,43.28
39,Quatre Cocos,MU,Sun Jul 28 15:02:38 2019,73.4,75,94,10.29,-20.21,57.76
40,Klaksvik,FO,Sun Jul 28 15:02:38 2019,68.0,67,64,1.12,62.23,-6.59
41,Lebu,CL,Sun Jul 28 15:02:39 2019,53.51,86,92,26.35,-37.62,-73.65
42,Carnarvon,AU,Sun Jul 28 15:02:39 2019,55.4,0,82,11.41,-24.87,113.63
43,Wattegama,LK,Sun Jul 28 15:02:39 2019,71.33,100,78,3.87,7.35,80.68
44,Hantsport,CA,Sun Jul 28 15:02:40 2019,78.8,20,53,11.41,45.06,-64.18
45,Nurota,UZ,Sun Jul 28 15:02:40 2019,78.8,0,36,9.17,40.56,65.69
46,Lorengau,PG,Sun Jul 28 15:02:40 2019,78.71,100,85,10.74,-2.02,147.27
47,Balaipungut,ID,Sun Jul 28 15:02:41 2019,73.67,100,93,1.07,1.11,101.31
48,Longyearbyen,SJ,Sun Jul 28 15:02:41 2019,53.6,0,58,5.82,78.22,15.64
49,Buraydah,SA,Sun Jul 28 15:02:41 2019,93.2,0,20,6.93,26.33,43.97
50,Hasaki,JP,Sun Jul 28 15:02:41 2019,79.0,20,94,3.36,35.73,140.83
51,Coquimbo,CL,Sun Jul 28 15:02:42 2019,53.6,75,81,11.41,-29.95,-71.34
52,Bredasdorp,ZA,Sun Jul 28 15:02:42 2019,54.0,100,93,1.12,-34.53,20.04
53,Rundu,NA,Sun Jul 28 15:02:42 2019,64.4,0,22,4.7,-17.91,19.77
54,Vostok,RU,Sun Jul 28 15:02:43 2019,68.81,46,98,3.89,46.45,135.83
55,Umri,IN,Sun Jul 28 15:02:43 2019,85.37,100,64,8.99,29.95,76.91
56,Viedma,AR,Sun Jul 28 15:02:43 2019,57.11,69,46,17.18,-40.81,-62.99
57,Kidal,ML,Sun Jul 28 15:02:44 2019,89.15,0,47,20.18,18.44,1.41
58,Richards Bay,ZA,Sun Jul 28 15:02:44 2019,67.01,0,84,16.33,-28.77,32.06
59,Pevek,RU,Sun Jul 28 15:02:44 2019,35.69,100,92,11.77,69.7,170.27
60,Umiray,PH,Sun Jul 28 15:02:44 2019,75.11,100,91,5.86,15.22,121.41
61,Balikpapan,ID,Sun Jul 28 15:02:45 2019,68.09,83,98,3.42,-1.24,116.86
62,Porto Novo,CV,Sun Jul 28 15:02:45 2019,78.8,20,74,10.29,17.02,-25.06
63,Bowen,AU,Sun Jul 28 15:02:45 2019,64.0,40,100,3.51,-20.01,148.25
64,Hualmay,PE,Sun Jul 28 15:02:46 2019,59.99,58,87,15.03,-11.1,-77.61
65,Ponta do Sol,CV,Sun Jul 28 15:02:46 2019,78.8,20,74,10.29,17.2,-25.09
66,Muscat,OM,Sun Jul 28 15:02:46 2019,87.8,2,84,3.18,23.6,58.55
67,Terney,RU,Sun Jul 28 15:02:46 2019,66.47,19,97,3.27,45.05,136.61
68,Beringovskiy,RU,Sun Jul 28 15:02:47 2019,55.85,100,74,12.19,63.05,179.32
69,Sechura,PE,Sun Jul 28 15:02:47 2019,66.47,6,83,14.52,-5.56,-80.82
70,Buchanan,LR,Sun Jul 28 15:02:47 2019,77.0,75,94,13.35,5.88,-10.05
71,Tezu,IN,Sun Jul 28 15:02:48 2019,73.49,100,97,2.04,27.93,96.16
72,Nantucket,US,Sun Jul 28 15:02:48 2019,80.6,1,74,18.34,41.28,-70.1
73,Punta Arenas,CL,Sun Jul 28 15:02:48 2019,42.8,90,87,11.41,-53.16,-70.91
74,Jamestown,SH,Sun Jul 28 15:02:49 2019,70.07,23,72,7.54,-15.94,-5.72
75,Wamba,CD,Sun Jul 28 15:02:49 2019,66.47,59,93,1.05,2.14,27.99
76,Saldanha,ZA,Sun Jul 28 15:02:49 2019,50.0,100,87,4.7,-33.01,17.94
77,Kruisfontein,ZA,Sun Jul 28 15:02:49 2019,69.35,100,23,10.98,-34.0,24.73
78,Paamiut,GL,Sun Jul 28 15:02:50 2019,40.91,58,89,5.12,61.99,-49.67
79,Ahipara,NZ,Sun Jul 28 15:02:50 2019,57.0,100,100,11.97,-35.17,173.16
80,Portland,AU,Sun Jul 28 15:00:32 2019,46.0,0,76,7.0,-33.35,149.98
81,Mount Isa,AU,Sun Jul 28 15:02:50 2019,46.4,60,65,11.21,-20.73,139.49
82,Ribeira Grande,PT,Sun Jul 28 15:02:51 2019,75.2,20,78,1.12,38.52,-28.7
83,Grand Gaube,MU,Sun Jul 28 15:02:51 2019,73.4,75,94,10.29,-20.01,57.66
84,Kaitangata,NZ,Sun Jul 28 15:02:51 2019,45.0,100,89,3.0,-46.28,169.85
85,Anadyr,RU,Sun Jul 28 15:02:52 2019,51.8,75,93,13.42,64.73,177.51
86,Ostrovnoy,RU,Sun Jul 28 15:02:52 2019,40.55,100,97,16.55,68.05,39.51
87,Katsuura,JP,Sun Jul 28 15:02:52 2019,78.8,75,88,3.36,33.93,134.5
88,Simmerath,DE,Sun Jul 28 15:02:53 2019,64.0,75,93,4.7,50.61,6.3
89,Saskylakh,RU,Sun Jul 28 15:02:53 2019,42.89,68,84,9.78,71.97,114.09
90,Chuy,UY,Sun Jul 28 15:02:53 2019,51.53,100,86,7.27,-33.69,-53.46
91,Biak,ID,Sun Jul 28 15:02:54 2019,58.91,99,92,4.27,-0.91,122.88
92,Diphu,IN,Sun Jul 28 15:02:54 2019,76.55,96,92,3.18,25.84,93.44
93,Beaufort,MY,Sun Jul 28 15:02:54 2019,78.8,75,88,4.03,5.36,115.76
94,Puri,IN,Sun Jul 28 15:02:55 2019,78.8,90,94,5.82,19.8,85.85
95,Kathu,TH,Sun Jul 28 15:02:55 2019,78.8,20,78,3.36,7.91,98.33
96,Qaqortoq,GL,Sun Jul 28 15:02:55 2019,60.8,16,26,13.87,60.72,-46.03
97,Saint George,BM,Sun Jul 28 15:02:56 2019,84.2,40,70,3.36,32.38,-64.68
98,Victoria,SC,Sun Jul 28 15:00:16 2019,78.8,40,88,6.93,-4.62,55.45
99,Moron,MN,Sun Jul 28 15:02:56 2019,51.35,0,80,9.91,47.38,110.32
100,Piltene,LV,Sun Jul 28 15:02:57 2019,64.4,0,93,3.36,57.23,21.67
101,Caravelas,BR,Sun Jul 28 14:59:05 2019,72.77,0,76,8.68,-17.73,-39.27
102,Hambantota,LK,Sun Jul 28 15:02:57 2019,77.0,40,100,6.93,6.12,81.12
103,Kichera,RU,Sun Jul 28 15:02:58 2019,51.89,11,81,1.28,55.93,110.1
104,Weligama,LK,Sun Jul 28 15:02:58 2019,81.05,72,81,13.11,5.97,80.42
105,Porto Nacional,BR,Sun Jul 28 15:02:58 2019,86.0,0,45,3.36,-10.7,-48.41
106,Butaritari,KI,Sun Jul 28 15:02:58 2019,84.83,67,67,7.43,3.07,172.79
107,Dikson,RU,Sun Jul 28 15:02:59 2019,37.49,0,81,16.82,73.51,80.55
108,Chokurdakh,RU,Sun Jul 28 15:02:59 2019,37.31,100,95,8.93,70.62,147.9
109,Garissa,KE,Sun Jul 28 15:02:59 2019,73.49,59,65,17.38,-0.46,39.64
110,Tiksi,RU,Sun Jul 28 15:03:00 2019,38.57,100,92,9.75,71.64,128.87
111,Cambridge,GB,Sun Jul 28 14:58:16 2019,61.0,100,93,1.12,52.2,0.12
112,Ilulissat,GL,Sun Jul 28 15:03:00 2019,60.8,96,29,16.11,69.22,-51.1
113,Khandyga,RU,Sun Jul 28 15:03:01 2019,64.13,84,55,3.09,62.65,135.58
114,Oytal,KZ,Sun Jul 28 15:03:01 2019,74.57,0,31,4.92,42.91,73.27
115,Port Elizabeth,ZA,Sun Jul 28 15:01:40 2019,57.2,0,67,4.7,-33.92,25.57
116,Araguari,BR,Sun Jul 28 14:59:59 2019,69.8,0,37,8.05,-18.65,-48.19
117,Upernavik,GL,Sun Jul 28 15:03:02 2019,41.99,0,74,15.7,72.79,-56.15
118,Komsomolskiy,RU,Sun Jul 28 15:03:02 2019,41.27,100,78,7.11,67.55,63.78
119,Sakaraha,MG,Sun Jul 28 15:03:02 2019,60.71,0,77,1.83,-22.91,44.53
120,Souillac,MU,Sun Jul 28 15:03:03 2019,73.4,75,94,10.29,-20.52,57.52
121,Beloha,MG,Sun Jul 28 15:03:03 2019,64.49,0,76,9.24,-25.17,45.06
122,Tual,ID,Sun Jul 28 15:03:03 2019,76.19,93,84,19.95,-5.67,132.75
123,Tasiilaq,GL,Sun Jul 28 15:03:03 2019,44.6,100,81,28.86,65.61,-37.64
124,Yulara,AU,Sun Jul 28 15:03:04 2019,51.8,75,53,8.05,-25.24,130.99
125,Nanortalik,GL,Sun Jul 28 15:03:04 2019,39.47,85,91,3.27,60.14,-45.24
126,Langsa,ID,Sun Jul 28 15:01:17 2019,67.19,69,94,2.62,4.47,97.97
127,Stavyshche,UA,Sun Jul 28 15:03:05 2019,67.91,99,83,5.3,50.78,28.48
128,Carndonagh,IE,Sun Jul 28 15:03:05 2019,59.0,75,93,5.82,55.25,-7.27
129,Bekobod,UZ,Sun Jul 28 15:03:05 2019,78.8,0,36,6.93,40.63,71.18
130,Muroto,JP,Sun Jul 28 15:03:05 2019,77.0,75,83,5.82,33.37,134.14
131,Mar del Plata,AR,Sun Jul 28 15:03:06 2019,45.23,73,35,13.31,-46.43,-67.52
132,Ponta do Sol,PT,Sun Jul 28 15:03:06 2019,73.4,20,64,8.05,32.67,-17.1
133,Hithadhoo,MV,Sun Jul 28 14:59:24 2019,83.21,64,67,3.44,-0.6,73.08
134,Yendi,GH,Sun Jul 28 15:03:07 2019,78.17,93,79,3.42,9.45,0.0
135,Shugurovo,RU,Sun Jul 28 15:03:07 2019,50.81,0,92,4.09,54.51,52.13
136,Saint-Leu,RE,Sun Jul 28 15:03:07 2019,73.4,40,94,5.82,-21.15,55.28
137,Comodoro Rivadavia,AR,Sun Jul 28 15:03:08 2019,53.6,0,37,9.17,-45.87,-67.48
138,Luderitz,NA,Sun Jul 28 15:03:08 2019,51.8,1,87,6.93,-26.65,15.16
139,Kitui,KE,Sun Jul 28 15:03:08 2019,63.23,81,84,5.17,-1.37,38.02
140,Qaanaaq,GL,Sun Jul 28 15:03:09 2019,41.09,95,63,2.19,77.48,-69.36
141,Mount Gambier,AU,Sun Jul 28 15:00:07 2019,41.0,0,93,4.7,-37.83,140.78
142,Maningrida,AU,Sun Jul 28 15:03:09 2019,60.35,100,97,5.7,-12.05,134.23
143,Codajas,BR,Sun Jul 28 15:03:10 2019,89.87,10,44,2.24,-3.84,-62.06
144,Cherskiy,RU,Sun Jul 28 15:03:10 2019,42.17,100,85,10.33,68.75,161.3
145,Castro,CL,Sun Jul 28 15:03:10 2019,44.6,90,100,12.75,-42.48,-73.76
146,Chernyshevskiy,RU,Sun Jul 28 15:03:11 2019,56.03,65,86,6.96,63.01,112.47
147,Clyde River,CA,Sun Jul 28 15:03:11 2019,46.4,1,87,14.99,70.47,-68.59
148,Wageningen,SR,Sun Jul 28 15:03:11 2019,81.23,73,80,5.95,5.77,-56.69
149,Brightwater,NZ,Sun Jul 28 15:03:12 2019,51.01,92,92,1.01,-41.37,173.11
150,Poum,NC,Sun Jul 28 15:03:12 2019,69.35,10,64,12.75,-20.23,164.02
151,Walvis Bay,NA,Sun Jul 28 15:03:12 2019,62.6,100,88,4.7,-22.95,14.51
152,Malabo,GQ,Sun Jul 28 15:03:13 2019,77.0,20,88,10.29,3.75,8.78
153,Harsin,IR,Sun Jul 28 15:03:13 2019,75.2,0,17,6.93,34.27,47.59
154,Qostanay,KZ,Sun Jul 28 15:03:13 2019,62.6,75,88,2.24,53.17,63.58
155,Formosa,BR,Sun Jul 28 15:03:13 2019,65.57,56,53,3.22,-15.55,-47.33
156,Te Anau,NZ,Sun Jul 28 15:03:14 2019,45.41,100,94,1.07,-45.41,167.72
157,Kaseda,JP,Sun Jul 28 15:03:14 2019,77.0,40,94,3.36,31.42,130.32
158,Dandong,CN,Sun Jul 28 15:03:14 2019,76.37,79,98,6.02,40.12,124.37
159,Jega,NG,Sun Jul 28 15:03:15 2019,85.37,67,59,10.4,12.22,4.38
160,Camacha,PT,Sun Jul 28 15:03:15 2019,73.4,40,78,11.41,33.08,-16.33
161,Marystown,CA,Sun Jul 28 15:03:15 2019,62.33,33,65,10.07,47.17,-55.16
162,Sao Filipe,CV,Sun Jul 28 15:03:15 2019,76.37,4,77,6.46,14.9,-24.5
163,Hilotongan,PH,Sun Jul 28 15:03:16 2019,78.71,100,80,6.15,11.14,123.64
164,Bratsk,RU,Sun Jul 28 15:03:16 2019,59.0,100,87,11.18,56.15,101.63
165,Sola,VU,Sun Jul 28 15:03:17 2019,77.0,90,88,9.17,-13.88,167.55
166,Ulaangom,MN,Sun Jul 28 15:03:18 2019,54.95,82,65,1.28,49.98,92.07
167,Monrovia,LR,Sun Jul 28 15:03:18 2019,77.0,75,94,8.72,6.33,-10.8
168,Tucurui,BR,Sun Jul 28 15:02:26 2019,83.03,20,56,3.04,-3.77,-49.67
169,Khatanga,RU,Sun Jul 28 15:03:18 2019,53.69,30,62,15.05,71.98,102.47
170,Nikolskoye,RU,Sun Jul 28 15:03:19 2019,57.2,0,54,6.71,59.7,30.79
171,Horodnytsya,UA,Sun Jul 28 15:03:19 2019,68.63,39,88,6.2,50.81,27.32
172,Nisia Floresta,BR,Sun Jul 28 15:03:19 2019,77.0,40,73,9.17,-6.09,-35.21
173,Kudahuvadhoo,MV,Sun Jul 28 15:03:20 2019,82.49,8,62,2.42,2.67,72.89
174,Dwarka,IN,Sun Jul 28 15:03:20 2019,86.0,40,89,6.93,28.58,77.04
175,Alexandria,EG,Sun Jul 28 15:03:20 2019,80.6,0,65,6.93,31.2,29.89
176,Illapel,CL,Sun Jul 28 15:03:20 2019,58.01,8,60,4.36,-31.63,-71.17
177,Segou,ML,Sun Jul 28 15:03:21 2019,83.93,100,64,9.46,13.43,-6.22
178,Port Hedland,AU,Sun Jul 28 15:03:21 2019,59.0,51,87,4.7,-20.31,118.58
179,Mehamn,NO,Sun Jul 28 15:03:21 2019,44.6,90,81,14.99,71.03,27.85
180,Yumen,CN,Sun Jul 28 15:03:22 2019,69.71,3,24,5.66,40.29,97.04
181,Unai,BR,Sun Jul 28 15:03:22 2019,69.89,41,50,7.18,-16.36,-46.91
182,Yelan-Koleno,RU,Sun Jul 28 15:03:22 2019,65.75,35,88,6.31,51.15,41.22
183,Tokur,RU,Sun Jul 28 15:03:23 2019,55.85,100,93,1.68,53.13,132.9
184,Martapura,ID,Sun Jul 28 15:03:23 2019,69.8,78,94,9.31,-3.41,114.85
185,Georgetown,SH,Sun Jul 28 15:03:23 2019,74.03,1,75,16.73,-7.93,-14.42
186,Vestmanna,FO,Sun Jul 28 15:03:23 2019,68.0,67,64,1.12,62.16,-7.17
187,Namibe,AO,Sun Jul 28 15:03:24 2019,65.21,95,84,11.12,-15.19,12.15
188,Owando,CG,Sun Jul 28 15:03:24 2019,76.37,66,77,2.19,-0.49,15.91
189,Dondaicha,IN,Sun Jul 28 15:03:25 2019,78.17,100,86,20.13,21.33,74.56
190,Boyuibe,BO,Sun Jul 28 15:03:25 2019,75.2,88,50,5.82,-20.43,-63.28
191,Merauke,ID,Sun Jul 28 15:03:25 2019,74.93,100,81,16.46,-8.49,140.4
192,Aracuai,BR,Sun Jul 28 15:03:26 2019,71.69,77,57,6.2,-16.85,-42.07
193,Margate,ZA,Sun Jul 28 15:03:26 2019,65.57,11,17,7.27,-30.86,30.37
194,Port Alfred,ZA,Sun Jul 28 15:03:26 2019,71.15,2,20,12.93,-33.59,26.89
195,Chara,RU,Sun Jul 28 15:03:27 2019,56.93,86,77,2.44,56.9,118.26
196,Talaya,RU,Sun Jul 28 15:03:27 2019,60.01,20,100,5.75,55.79,84.89
197,Kaeo,NZ,Sun Jul 28 15:03:27 2019,57.0,100,95,3.0,-35.1,173.78
198,Kutum,SD,Sun Jul 28 15:03:27 2019,77.99,3,61,31.29,14.2,24.66
199,Santa Rosa,AR,Sun Jul 28 15:03:28 2019,58.19,0,52,10.38,-36.62,-64.29
200,Bambous Virieux,MU,Sun Jul 28 15:03:28 2019,73.4,75,94,10.29,-20.34,57.76
201,Trofors,NO,Sun Jul 28 15:03:29 2019,71.6,37,78,3.36,65.54,13.39
202,Mulchen,CL,Sun Jul 28 15:03:29 2019,50.0,90,100,19.46,-37.72,-72.23
203,Shache,CN,Sun Jul 28 15:03:29 2019,85.73,100,21,14.23,38.42,77.24
204,Nabinagar,BD,Sun Jul 28 15:03:30 2019,82.4,75,78,9.17,23.88,90.97
205,Cidreira,BR,Sun Jul 28 15:03:30 2019,54.95,78,80,10.96,-30.17,-50.22
206,Murgab,TM,Sun Jul 28 15:03:30 2019,89.6,0,38,11.41,37.5,61.97
207,Havoysund,NO,Sun Jul 28 15:03:31 2019,46.4,75,87,12.75,71.0,24.66
208,Orsk,RU,Sun Jul 28 15:03:31 2019,64.4,75,93,8.95,51.23,58.47
209,Miranda,BR,Sun Jul 28 15:03:32 2019,80.51,0,38,2.19,-20.24,-56.38
210,Hobyo,SO,Sun Jul 28 15:03:32 2019,76.91,100,74,23.04,5.35,48.53
211,Pisco,PE,Sun Jul 28 15:03:32 2019,71.6,0,30,11.41,-13.71,-76.2
212,Kavieng,PG,Sun Jul 28 15:03:32 2019,82.49,100,74,12.53,-2.57,150.8
213,Maragogi,BR,Sun Jul 28 15:00:33 2019,70.07,8,93,4.81,-9.01,-35.22
215,Georgetown,GY,Sun Jul 28 15:01:30 2019,89.6,40,79,9.17,6.8,-58.16
216,Flinders,AU,Sun Jul 28 15:03:33 2019,52.0,0,93,4.7,-34.58,150.85
217,Charlottesville,US,Sun Jul 28 15:01:45 2019,91.99,75,43,5.82,38.03,-78.48
218,Lavumisa,SZ,Sun Jul 28 15:03:34 2019,51.8,0,76,1.12,-27.31,31.89
219,Buala,SB,Sun Jul 28 15:03:34 2019,80.51,72,80,6.2,-8.15,159.59
220,Ishigaki,JP,Sun Jul 28 15:03:35 2019,82.4,75,94,3.36,24.34,124.16
221,Port Augusta,AU,Sun Jul 28 15:03:35 2019,53.6,90,93,6.93,-32.49,137.76
222,Nacala,MZ,Sun Jul 28 15:03:35 2019,66.65,100,77,7.05,-14.56,40.69
223,Magistralnyy,RU,Sun Jul 28 15:03:35 2019,58.19,0,96,5.48,56.17,107.45
224,Geraldton,AU,Sun Jul 28 15:03:36 2019,51.8,0,87,13.73,-28.77,114.6
225,Hamilton,BM,Sun Jul 28 15:03:36 2019,84.2,40,70,3.36,32.3,-64.78
226,Kota Belud,MY,Sun Jul 28 15:03:36 2019,77.0,75,88,4.7,6.35,116.43
227,Kovvur,IN,Sun Jul 28 15:03:37 2019,74.21,100,93,13.58,17.02,81.73
228,Taoudenni,ML,Sun Jul 28 15:03:37 2019,101.21,97,9,0.78,22.68,-3.98
229,Katsina,NG,Sun Jul 28 15:03:37 2019,82.49,92,64,10.87,12.99,7.6
230,Ransang,PH,Sun Jul 28 15:03:38 2019,81.77,100,80,12.77,8.96,117.58
231,Dornoch,GB,Sun Jul 28 15:03:38 2019,62.6,40,100,9.17,57.88,-4.03
232,Zyryanka,RU,Sun Jul 28 15:03:39 2019,48.29,93,51,4.12,65.73,150.89
233,Shangrao,CN,Sun Jul 28 15:00:16 2019,79.25,0,81,2.48,28.45,117.97
234,Bud,NO,Sun Jul 28 15:03:39 2019,75.2,0,83,5.82,62.91,6.91
235,Saint-Francois,GP,Sun Jul 28 15:03:40 2019,75.2,100,94,2.24,16.25,-61.27
236,Varhaug,NO,Sun Jul 28 15:03:40 2019,69.01,40,88,1.12,58.61,5.65
237,Bilibino,RU,Sun Jul 28 15:03:40 2019,40.19,100,81,2.68,68.06,166.44
238,Trussville,US,Sun Jul 28 15:01:58 2019,93.0,1,36,5.82,33.62,-86.61
239,Palimbang,PH,Sun Jul 28 15:03:41 2019,78.8,90,100,2.24,14.9,120.78
240,Alvorada,BR,Sun Jul 28 15:03:41 2019,59.0,0,76,12.75,-30.0,-51.08
241,Vestmannaeyjar,IS,Sun Jul 28 15:03:41 2019,54.23,100,96,12.57,63.44,-20.27
242,Bardiyah,LY,Sun Jul 28 15:03:41 2019,77.27,0,85,10.2,31.76,25.09
243,Dalby,AU,Sun Jul 28 15:03:42 2019,51.01,20,93,4.7,-27.18,151.26
244,Okhotsk,RU,Sun Jul 28 15:03:42 2019,59.27,0,75,3.67,59.36,143.24
245,Severo-Kurilsk,RU,Sun Jul 28 15:03:42 2019,47.93,100,95,6.24,50.68,156.12
246,Beitbridge,ZW,Sun Jul 28 15:03:43 2019,55.31,0,50,5.06,-22.22,30.0
247,La Palma,PA,Sun Jul 28 15:03:43 2019,82.85,74,80,7.56,8.4,-78.14
248,Kropotkin,RU,Sun Jul 28 15:03:43 2019,70.07,0,63,4.32,45.43,40.58
249,Senador Jose Porfirio,BR,Sun Jul 28 15:03:44 2019,79.07,60,74,2.62,-2.59,-51.95
250,Arraial do Cabo,BR,Sun Jul 28 15:03:44 2019,69.8,0,88,4.7,-22.97,-42.02
251,Boundiali,CI,Sun Jul 28 15:03:45 2019,74.03,72,88,3.83,9.53,-6.48
252,Zhuji,CN,Sun Jul 28 15:03:45 2019,84.2,0,70,4.47,29.72,120.23
253,Sandwick,GB,Sun Jul 28 15:03:45 2019,64.0,100,93,10.29,54.57,-2.89
254,Poopo,BO,Sun Jul 28 15:03:46 2019,54.41,34,13,21.9,-18.38,-66.97
255,Goroka,PG,Sun Jul 28 15:03:46 2019,52.43,96,97,1.12,-6.07,145.39
256,Cayenne,GF,Sun Jul 28 15:03:46 2019,77.0,20,88,4.68,4.94,-52.33
257,Voskresenskoye,RU,Sun Jul 28 15:03:47 2019,45.23,0,80,8.68,56.84,45.43
258,Deputatskiy,RU,Sun Jul 28 15:03:47 2019,38.21,8,72,4.34,69.3,139.9
259,Xifeng,CN,Sun Jul 28 15:03:47 2019,74.93,93,86,13.53,42.73,124.72
260,Yar-Sale,RU,Sun Jul 28 15:03:47 2019,40.73,0,84,8.86,66.83,70.83
261,Hami,CN,Sun Jul 28 15:03:48 2019,72.59,0,25,15.52,42.84,93.51
262,Jutai,BR,Sun Jul 28 15:03:48 2019,76.55,14,93,3.65,-1.71,-47.89
263,Nuuk,GL,Sun Jul 28 15:03:48 2019,62.6,20,51,5.82,64.17,-51.74
264,Varkkallai,IN,Sun Jul 28 15:03:49 2019,77.0,40,94,3.36,8.73,76.71
265,Bila Krynytsya,UA,Sun Jul 28 15:03:49 2019,68.0,37,64,3.02,50.64,29.47
266,Hirara,JP,Sun Jul 28 15:03:49 2019,82.4,40,88,5.82,24.8,125.28
267,Kovdor,RU,Sun Jul 28 15:03:50 2019,43.61,98,77,9.22,67.56,30.47
268,Darnah,LY,Sun Jul 28 15:03:50 2019,77.63,0,82,10.42,32.77,22.64
269,Jerantut,MY,Sun Jul 28 15:03:50 2019,71.69,100,92,1.54,3.94,102.37
270,Arlit,NE,Sun Jul 28 15:03:51 2019,89.33,94,41,19.22,18.74,7.39
271,Berbera,SO,Sun Jul 28 15:03:51 2019,92.21,0,44,17.96,10.44,45.01
272,Northam,AU,Sun Jul 28 15:03:51 2019,51.8,0,81,8.05,-31.65,116.67
273,Tonekabon,IR,Sun Jul 28 15:03:52 2019,77.0,90,73,2.24,36.82,50.88
274,Sepuka,TZ,Sun Jul 28 15:03:52 2019,63.05,1,60,10.83,-4.75,34.53
275,Oyama,JP,Sun Jul 28 15:03:52 2019,88.0,75,94,3.36,36.31,139.8
276,Iquitos,PE,Sun Jul 28 15:03:53 2019,86.0,75,58,5.82,-3.75,-73.25
277,Along,IN,Sun Jul 28 15:03:53 2019,61.61,100,96,0.67,28.17,94.8
278,Rondonopolis,BR,Sun Jul 28 15:03:54 2019,82.31,0,29,2.01,-16.46,-54.64
279,Ancud,CL,Sun Jul 28 15:03:54 2019,44.6,90,100,12.75,-41.87,-73.83
280,Rocha,UY,Sun Jul 28 15:03:54 2019,48.11,100,92,8.37,-34.48,-54.34
281,Kuopio,FI,Sun Jul 28 15:01:48 2019,55.4,0,58,5.82,62.89,27.68
282,Virginia Beach,US,Sun Jul 28 15:03:55 2019,90.0,20,43,9.17,36.85,-75.98
283,Wanning,CN,Sun Jul 28 15:03:55 2019,73.49,77,97,2.44,18.8,110.4
284,Porbandar,IN,Sun Jul 28 15:03:56 2019,83.75,75,81,28.25,21.64,69.61
285,Maua,KE,Sun Jul 28 15:03:56 2019,48.65,100,97,2.82,0.23,37.94
286,Victor Harbor,AU,Sun Jul 28 15:03:56 2019,54.0,75,87,4.7,-35.55,138.62
287,Challans,FR,Sun Jul 28 15:03:56 2019,61.0,0,82,1.12,46.85,-1.88
288,Manoel Urbano,BR,Sun Jul 28 15:03:57 2019,86.09,0,40,2.82,-8.84,-69.26
289,Ladario,BR,Sun Jul 28 15:00:31 2019,78.8,0,54,6.93,-19.0,-57.6
290,Ileza,RU,Sun Jul 28 15:03:57 2019,43.79,100,86,11.65,61.05,43.9
291,New Glasgow,CA,Sun Jul 28 15:03:58 2019,77.0,0,82,3.0,45.59,-62.65
292,Srednekolymsk,RU,Sun Jul 28 15:03:58 2019,44.33,59,67,8.9,67.46,153.71
293,Sembe,CG,Sun Jul 28 15:03:58 2019,69.17,31,96,2.95,1.65,14.58
294,Khasan,RU,Sun Jul 28 15:03:59 2019,71.69,25,97,3.42,42.43,130.64
295,Chiang Mai,TH,Sun Jul 28 15:03:59 2019,77.0,75,88,3.36,18.79,98.99
296,Naze,JP,Sun Jul 28 15:03:59 2019,82.4,20,94,3.36,28.37,129.48
297,Takoradi,GH,Sun Jul 28 15:04:00 2019,73.67,89,90,3.8,4.89,-1.75
298,Clarence Town,BS,Sun Jul 28 15:04:00 2019,83.93,0,72,7.45,23.1,-74.98
299,Nishihara,JP,Sun Jul 28 15:04:00 2019,84.99,75,79,3.36,35.74,139.53
300,Petropavlovsk-Kamchatskiy,RU,Sun Jul 28 15:04:01 2019,57.2,75,93,2.24,53.05,158.65
301,Imbituba,BR,Sun Jul 28 15:01:02 2019,62.6,75,77,2.73,-28.24,-48.67
302,Methoni,GR,Sun Jul 28 15:04:01 2019,81.0,0,64,0.04,36.82,21.7
303,Harper,LR,Sun Jul 28 15:04:01 2019,76.73,87,84,9.69,4.38,-7.71
304,Obo,CF,Sun Jul 28 15:04:02 2019,68.09,100,88,1.39,5.39,26.49
305,Senador Guiomard,BR,Sun Jul 28 15:04:02 2019,86.0,0,45,5.82,-10.15,-67.74
306,Nhulunbuy,AU,Sun Jul 28 15:04:03 2019,64.4,0,93,3.36,-12.18,136.78
307,Agirish,RU,Sun Jul 28 15:04:03 2019,56.39,100,97,12.48,61.92,63.02
308,Peqin,AL,Sun Jul 28 15:04:03 2019,68.0,75,94,9.17,41.05,19.75
309,Kindu,CD,Sun Jul 28 15:04:03 2019,76.01,77,42,2.75,-2.95,25.92
310,Gravdal,NO,Sun Jul 28 15:04:04 2019,69.01,0,72,13.87,59.79,5.78
311,Korla,CN,Sun Jul 28 15:04:04 2019,86.0,0,58,4.0,41.76,86.15
312,Usinsk,RU,Sun Jul 28 15:04:04 2019,48.65,100,71,17.0,66.0,57.56
313,Turukhansk,RU,Sun Jul 28 15:04:05 2019,52.43,100,86,6.13,65.8,87.96
314,Bandarbeyla,SO,Sun Jul 28 15:04:05 2019,75.29,0,73,25.81,9.49,50.81
315,Yanam,IN,Sun Jul 28 15:04:05 2019,74.21,100,94,15.82,16.73,82.22
316,Hervey Bay,AU,Sun Jul 28 15:04:06 2019,64.0,0,100,6.93,-25.3,152.85
317,Saint-Pierre,PM,Sun Jul 28 15:03:49 2019,57.2,90,93,5.82,46.77,-56.17
318,Xai-Xai,MZ,Sun Jul 28 15:04:06 2019,59.99,0,92,4.85,-25.04,33.64
319,Keti Bandar,PK,Sun Jul 28 15:04:06 2019,83.75,100,83,22.46,24.14,67.45
320,Slobodskoy,RU,Sun Jul 28 15:04:07 2019,46.13,100,91,8.93,58.73,50.18
321,Zhigansk,RU,Sun Jul 28 15:04:07 2019,45.95,63,67,17.54,66.77,123.37
322,Leshukonskoye,RU,Sun Jul 28 15:04:08 2019,43.07,100,91,10.87,64.9,45.76
323,Sorland,NO,Sun Jul 28 15:04:08 2019,56.39,100,72,31.12,67.67,12.69
324,Westport,IE,Sun Jul 28 15:04:08 2019,57.99,95,86,1.01,53.8,-9.52
325,Timbuktu,ML,Sun Jul 28 15:04:08 2019,90.23,9,48,14.41,16.77,-3.01
326,Paracuru,BR,Sun Jul 28 15:04:09 2019,80.6,0,74,10.29,-3.41,-39.03
327,Autun,FR,Sun Jul 28 15:04:09 2019,60.8,0,82,2.24,46.95,4.3
328,Watsa,CD,Sun Jul 28 15:04:10 2019,63.77,99,92,2.86,3.04,29.53
329,Vincennes,US,Sun Jul 28 14:59:35 2019,90.0,1,51,10.29,38.68,-87.53
330,Sapa,PH,Sun Jul 28 15:04:10 2019,78.8,75,88,2.24,14.32,120.76
331,Cehegin,ES,Sun Jul 28 15:04:10 2019,78.01,0,65,1.99,38.09,-1.8
332,Kavaratti,IN,Sun Jul 28 15:04:11 2019,81.41,92,79,11.92,10.57,72.64
333,Jackville,CI,Sun Jul 28 15:04:11 2019,77.0,20,94,8.05,5.21,-4.42
334,Salalah,OM,Sun Jul 28 15:04:11 2019,78.8,90,88,5.82,17.01,54.1
335,Diffa,NE,Sun Jul 28 15:04:12 2019,86.81,100,50,5.73,13.32,12.61
336,Meulaboh,ID,Sun Jul 28 15:04:12 2019,79.79,92,78,6.64,4.14,96.13
337,Padang,ID,Sun Jul 28 15:04:12 2019,81.95,88,75,8.1,-0.92,100.36
338,Chapleau,CA,Sun Jul 28 15:04:13 2019,80.6,20,44,9.17,47.85,-83.4
339,Gamba,GA,Sun Jul 28 15:04:13 2019,69.89,30,88,3.24,-2.72,10.02
340,Svetlogorsk,RU,Sun Jul 28 15:04:14 2019,62.6,75,88,6.71,53.14,59.15
341,Morondava,MG,Sun Jul 28 15:04:14 2019,73.49,0,78,15.7,-20.3,44.28
342,Katherine,AU,Sun Jul 28 15:04:15 2019,57.2,0,82,2.48,-14.47,132.26
343,Hohoe,GH,Sun Jul 28 15:04:15 2019,73.67,100,92,4.61,7.15,0.48
344,Solwezi,ZM,Sun Jul 28 15:04:16 2019,52.79,0,56,3.87,-12.18,26.4
345,Carmen,CR,Sun Jul 28 15:04:16 2019,75.2,75,68,20.8,9.87,-83.92
346,Alenquer,BR,Sun Jul 28 15:04:16 2019,82.4,75,74,12.75,-1.95,-54.74
347,Banda Aceh,ID,Sun Jul 28 15:04:17 2019,82.31,7,74,16.06,5.56,95.32
348,Orbetello,IT,Sun Jul 28 15:04:17 2019,71.6,0,78,7.14,42.44,11.21
349,Broken Hill,AU,Sun Jul 28 15:04:17 2019,60.8,90,36,11.41,-31.97,141.45
350,Calama,CL,Sun Jul 28 15:04:18 2019,66.2,0,4,20.8,-22.46,-68.93
351,Santa Cruz,CR,Sun Jul 28 15:04:18 2019,89.6,40,52,24.16,10.26,-85.58
352,Ochakiv,UA,Sun Jul 28 15:04:18 2019,77.0,0,50,2.24,46.61,31.55
353,Mumbwa,ZM,Sun Jul 28 15:04:19 2019,52.79,0,49,4.76,-14.99,27.06
354,Gulmarg,IN,Sun Jul 28 15:04:19 2019,61.07,95,88,2.21,34.05,74.39
355,Port Blair,IN,Sun Jul 28 15:04:19 2019,83.21,100,78,21.9,11.67,92.75
356,Russell,NZ,Sun Jul 28 15:04:19 2019,57.0,100,95,3.0,-35.26,174.12
357,San Andres,CO,Sun Jul 28 15:04:20 2019,89.6,40,66,9.17,8.22,-76.58
358,Nohfelden,DE,Sun Jul 28 15:04:20 2019,64.99,75,100,8.05,49.59,7.14
359,Havelock,US,Sun Jul 28 15:04:20 2019,91.4,1,21,11.41,34.88,-76.9
360,Rio Grande,BR,Sun Jul 28 15:04:21 2019,53.6,20,93,6.93,-32.03,-52.1
361,Karratha,AU,Sun Jul 28 15:04:21 2019,69.53,38,34,9.15,-20.74,116.85
362,Copiapo,CL,Sun Jul 28 15:03:19 2019,57.2,0,67,11.41,-27.37,-70.33
363,Shetpe,KZ,Sun Jul 28 15:04:21 2019,79.43,33,44,15.64,44.14,52.16
364,Sao Joao da Barra,BR,Sun Jul 28 15:04:22 2019,71.6,0,73,6.93,-21.64,-41.05
365,Manaquiri,BR,Sun Jul 28 15:04:22 2019,86.0,20,66,4.7,-3.43,-60.46
366,Xam Nua,LA,Sun Jul 28 15:04:22 2019,65.93,100,99,2.26,20.42,104.04
367,Sambava,MG,Sun Jul 28 15:04:23 2019,66.47,25,98,3.22,-14.27,50.17
368,Digby,CA,Sun Jul 28 15:04:23 2019,73.99,0,73,13.0,44.62,-65.76
369,Bocaiuva,BR,Sun Jul 28 15:04:23 2019,75.2,0,44,6.93,-17.12,-43.81
370,Wau,PG,Sun Jul 28 15:04:24 2019,60.53,100,96,0.83,-7.34,146.72
371,Ugoofaaru,MV,Sun Jul 28 15:04:24 2019,82.67,100,67,4.38,5.67,73.0
372,Mollendo,PE,Sun Jul 28 15:04:24 2019,58.91,0,80,13.06,-17.03,-72.02
373,Seoul,KR,Sun Jul 28 15:04:25 2019,78.8,90,88,5.82,37.57,126.98
374,Teya,RU,Sun Jul 28 15:04:25 2019,52.43,65,92,3.53,60.37,92.63
375,Vardo,NO,Sun Jul 28 15:04:26 2019,42.8,75,81,13.87,70.37,31.11
376,Lagoa,PT,Sun Jul 28 15:04:26 2019,75.2,0,53,10.29,37.14,-8.45
377,Liepaja,LV,Sun Jul 28 15:04:27 2019,71.6,0,88,6.35,56.52,21.02
378,Gazojak,TM,Sun Jul 28 15:04:27 2019,82.49,18,32,13.91,41.19,61.4
379,Los Llanos de Aridane,ES,Sun Jul 28 15:04:27 2019,73.4,75,83,14.99,28.66,-17.92
380,Yekaterinoslavka,RU,Sun Jul 28 15:04:28 2019,73.67,75,40,16.17,54.34,72.46
381,Abalak,NE,Sun Jul 28 15:04:28 2019,92.75,35,36,12.55,15.46,6.28
382,Angoche,MZ,Sun Jul 28 15:04:28 2019,65.75,0,85,4.05,-16.23,39.91
383,Calafell,ES,Sun Jul 28 15:04:28 2019,77.0,0,68,4.7,41.2,1.57
384,Assesse,BE,Sun Jul 28 15:04:29 2019,63.0,0,87,4.7,50.37,5.02
385,San Cristobal,EC,Sun Jul 28 15:04:29 2019,84.47,45,60,5.55,-1.02,-79.44
386,Grindavik,IS,Sun Jul 28 15:04:29 2019,59.0,75,100,2.24,63.84,-22.43
387,Santa Fe,AR,Sun Jul 28 15:04:30 2019,54.0,100,88,6.02,-31.62,-60.7
388,Izhma,RU,Sun Jul 28 15:04:31 2019,48.83,100,96,8.39,65.01,53.91
389,Manta,EC,Sun Jul 28 15:04:31 2019,80.6,20,74,11.41,-0.95,-80.73
390,Qiongshan,CN,Sun Jul 28 15:04:32 2019,78.8,0,94,10.78,20.01,110.35
391,Havre-Saint-Pierre,CA,Sun Jul 28 15:02:55 2019,75.2,1,60,6.93,50.23,-63.6
392,Praia,CV,Sun Jul 28 15:04:32 2019,78.8,75,78,5.82,14.92,-23.51
393,Noumea,NC,Sun Jul 28 15:01:40 2019,62.6,0,82,1.12,-22.28,166.46
394,Senanga,ZM,Sun Jul 28 15:04:33 2019,56.57,0,26,5.32,-16.1,23.3
395,Ouallam,NE,Sun Jul 28 15:04:33 2019,88.61,97,45,6.44,14.32,2.08
396,Broome,AU,Sun Jul 28 15:04:33 2019,62.6,90,100,11.56,-17.97,122.23
397,Dingle,IE,Sun Jul 28 15:04:34 2019,58.19,100,76,15.57,52.14,-10.27
398,Wa,GH,Sun Jul 28 15:04:34 2019,76.19,100,84,4.07,10.06,-2.51
399,Shingu,JP,Sun Jul 28 15:04:34 2019,70.61,48,97,2.15,33.72,135.99
400,Kantang,TH,Sun Jul 28 15:04:35 2019,74.39,67,87,0.72,7.42,99.52
401,Batu Gajah,MY,Sun Jul 28 15:04:35 2019,77.0,75,83,3.36,4.47,101.04
402,Zhezkazgan,KZ,Sun Jul 28 15:04:35 2019,78.71,81,41,8.5,47.8,67.71
403,Umea,SE,Sun Jul 28 15:04:36 2019,59.0,0,58,6.93,63.83,20.26
404,Xichang,CN,Sun Jul 28 15:04:36 2019,59.27,100,96,1.83,27.88,102.25
405,Krasnyy Oktyabr,RU,Sun Jul 28 15:04:36 2019,48.11,33,77,8.41,56.12,38.88
406,Lugovoy,RU,Sun Jul 28 15:04:37 2019,60.71,75,90,9.91,59.72,65.88
407,Nyurba,RU,Sun Jul 28 15:04:37 2019,53.51,100,58,9.51,63.29,118.35
408,Xuddur,SO,Sun Jul 28 15:04:38 2019,75.65,100,67,18.1,4.12,43.89
409,Kimbe,PG,Sun Jul 28 15:04:38 2019,70.25,100,91,3.78,-5.56,150.15
410,Ferkessedougou,CI,Sun Jul 28 15:04:38 2019,75.47,95,87,4.61,9.6,-5.2
411,Sol-Iletsk,RU,Sun Jul 28 15:04:39 2019,63.95,0,84,11.14,51.16,55.0
413,Bhuj,IN,Sun Jul 28 15:04:39 2019,84.29,100,76,22.59,23.25,69.67
414,Laurel,US,Sun Jul 28 15:04:40 2019,91.99,1,40,6.93,31.69,-89.13
415,Touros,BR,Sun Jul 28 15:04:40 2019,77.0,20,83,5.82,-5.2,-35.46
416,Aksarka,RU,Sun Jul 28 15:04:40 2019,38.93,77,86,10.65,66.56,67.8
417,Sarkand,KZ,Sun Jul 28 15:04:41 2019,67.91,0,29,4.05,45.41,79.91
418,Kisesa,TZ,Sun Jul 28 15:04:41 2019,64.4,0,72,11.41,-2.55,33.05
419,Coihaique,CL,Sun Jul 28 14:59:46 2019,42.8,75,75,5.82,-45.58,-72.07
420,Yichun,CN,Sun Jul 28 15:04:41 2019,76.19,5,88,2.59,27.8,114.38
421,Tyup,KG,Sun Jul 28 15:04:42 2019,47.39,0,66,5.19,42.73,78.36
422,Vila Franca do Campo,PT,Sun Jul 28 15:04:42 2019,69.8,75,83,11.41,37.72,-25.43
423,Husavik,IS,Sun Jul 28 15:04:42 2019,59.0,20,82,20.8,66.04,-17.34
424,Atbasar,KZ,Sun Jul 28 15:04:43 2019,70.43,99,45,7.72,51.81,68.36
425,Caxias,BR,Sun Jul 28 15:04:43 2019,91.4,0,41,4.7,-4.87,-43.35
426,Sabha,JO,Sun Jul 28 15:04:43 2019,71.6,0,64,6.93,32.33,36.5
427,Thompson,CA,Sun Jul 28 15:04:18 2019,64.4,75,93,8.05,55.74,-97.86
428,Pawai,IN,Sun Jul 28 15:04:44 2019,81.59,77,78,2.01,24.27,80.17
429,Pedernales,EC,Sun Jul 28 15:04:44 2019,74.03,24,88,18.52,0.07,-80.05
430,Robat Karim,IR,Sun Jul 28 15:04:44 2019,78.8,40,39,9.17,35.49,51.08
431,Charters Towers,AU,Sun Jul 28 15:04:45 2019,53.87,11,92,1.86,-20.07,146.27
432,La Ferte-Bernard,FR,Sun Jul 28 15:04:45 2019,62.6,0,67,2.24,48.19,0.65
433,Cordoba,AR,Sun Jul 28 15:02:04 2019,74.39,0,3,16.53,-27.78,-67.24
434,Port-Gentil,GA,Sun Jul 28 15:04:46 2019,73.4,20,88,6.93,-0.72,8.78
435,Doba,TD,Sun Jul 28 15:04:46 2019,73.67,100,94,2.93,8.66,16.85
436,Mariental,NA,Sun Jul 28 15:04:46 2019,66.2,0,12,8.05,-24.63,17.97
437,Folldal,NO,Sun Jul 28 15:04:46 2019,61.61,0,67,8.86,62.14,10.0
438,Lerwick,GB,Sun Jul 28 15:04:47 2019,59.0,100,93,4.7,60.15,-1.15
439,Samarai,PG,Sun Jul 28 15:04:47 2019,67.91,4,85,4.45,-10.62,150.67
440,Maxixe,MZ,Sun Jul 28 15:04:47 2019,59.99,0,94,4.16,-23.86,35.35
441,Wuda,CN,Sun Jul 28 15:04:48 2019,68.27,100,65,4.16,39.5,106.72
442,Mareeba,AU,Sun Jul 28 15:04:48 2019,64.4,75,82,16.11,-16.99,145.42
443,Reconquista,AR,Sun Jul 28 15:04:48 2019,57.11,100,74,4.97,-29.14,-59.64
444,Tuatapere,NZ,Sun Jul 28 15:04:49 2019,46.99,98,98,1.79,-46.13,167.69
445,Maceio,BR,Sun Jul 28 15:00:33 2019,75.2,20,69,5.82,-9.67,-35.74
446,Kuito,AO,Sun Jul 28 15:04:49 2019,50.63,56,20,2.24,-12.38,16.94
447,Bentong,MY,Sun Jul 28 15:04:50 2019,78.8,75,88,1.1,3.52,101.91
448,Kalmunai,LK,Sun Jul 28 15:04:50 2019,74.93,96,79,4.59,7.42,81.82
449,Mpigi,UG,Sun Jul 28 15:04:50 2019,62.69,96,69,4.94,0.23,32.32
450,Cerrito,PY,Sun Jul 28 15:04:50 2019,58.01,100,82,2.93,-25.87,-56.87
451,El Cobre,CU,Sun Jul 28 15:04:51 2019,87.8,40,58,6.93,20.05,-75.95
452,Saurimo,AO,Sun Jul 28 15:04:51 2019,63.05,0,22,4.81,-9.66,20.4
453,Sinnamary,GF,Sun Jul 28 15:04:51 2019,81.41,98,78,10.02,5.38,-52.96
454,Taybad,IR,Sun Jul 28 15:04:52 2019,77.27,0,23,10.8,34.74,60.78
455,Genk,BE,Sun Jul 28 15:04:52 2019,64.0,78,100,3.0,50.97,5.5
456,Tsuyama,JP,Sun Jul 28 15:04:53 2019,80.6,0,83,6.93,35.14,134.03
457,Antofagasta,CL,Sun Jul 28 15:02:43 2019,57.2,20,71,13.87,-23.65,-70.4
458,Luanda,AO,Sun Jul 28 15:00:58 2019,69.8,40,100,8.05,-8.83,13.24
459,Atherton,AU,Sun Jul 28 15:04:53 2019,64.4,75,82,16.11,-17.27,145.48
460,Basco,PH,Sun Jul 28 15:04:54 2019,84.83,93,80,17.09,20.45,121.97
461,Tramore,IE,Sun Jul 28 15:04:54 2019,62.01,100,87,4.16,52.16,-7.15
462,Itarema,BR,Sun Jul 28 15:04:54 2019,78.53,6,73,10.38,-2.92,-39.92
463,Nador,MA,Sun Jul 28 15:04:55 2019,73.4,0,83,9.17,35.17,-2.93
464,Krasnovishersk,RU,Sun Jul 28 15:04:55 2019,49.19,100,99,2.62,60.4,57.08
465,Skibbereen,IE,Sun Jul 28 15:04:55 2019,55.4,75,93,6.93,51.55,-9.27
466,Tigil,RU,Sun Jul 28 15:04:56 2019,58.01,0,69,4.65,57.8,158.67
467,Hirado,JP,Sun Jul 28 15:04:56 2019,84.0,75,88,11.41,33.32,129.49
468,Menongue,AO,Sun Jul 28 15:04:57 2019,52.97,0,22,4.83,-14.66,17.68
469,Pangody,RU,Sun Jul 28 15:04:57 2019,39.83,5,86,4.54,65.85,74.49
470,Izumo,JP,Sun Jul 28 15:04:57 2019,78.8,75,83,3.36,35.37,132.75
471,Irkutsk,RU,Sun Jul 28 15:04:58 2019,57.2,90,100,15.66,52.29,104.28
472,Shimoda,JP,Sun Jul 28 15:04:58 2019,82.0,40,94,4.7,34.7,138.93
473,Zheleznodorozhnyy,RU,Sun Jul 28 15:04:58 2019,63.0,0,63,11.18,55.75,38.0
474,Pag,HR,Sun Jul 28 15:04:59 2019,69.8,75,83,5.82,44.45,15.06
475,Bonfim,BR,Sun Jul 28 15:04:59 2019,71.6,0,40,6.93,-20.33,-44.24
476,Tiznit,MA,Sun Jul 28 15:04:59 2019,67.73,0,87,23.49,29.7,-9.73
477,Victoria Point,AU,Sun Jul 28 15:05:00 2019,60.01,40,87,8.05,-27.58,153.3
478,Kasempa,ZM,Sun Jul 28 15:05:00 2019,55.49,9,45,4.97,-13.46,25.83
479,Manvi,IN,Sun Jul 28 15:05:00 2019,75.29,100,81,11.99,16.0,77.05
480,San Rafael,AR,Sun Jul 28 15:05:01 2019,60.17,0,27,8.93,-34.61,-68.33
481,Pangnirtung,CA,Sun Jul 28 15:05:01 2019,51.89,94,59,3.78,66.15,-65.72
482,Guaruja,BR,Sun Jul 28 15:05:01 2019,69.8,90,83,2.24,-23.99,-46.26
483,Kopargaon,IN,Sun Jul 28 15:05:02 2019,74.03,100,87,20.36,19.89,74.48
484,Varnamo,SE,Sun Jul 28 15:05:02 2019,68.0,56,68,4.7,57.19,14.04
485,Oktyabrskiy,RU,Sun Jul 28 15:05:03 2019,63.0,0,63,11.18,55.61,37.97
486,Verkhnevilyuysk,RU,Sun Jul 28 15:05:03 2019,53.87,100,60,7.96,63.45,120.31
487,Baghdad,IQ,Sun Jul 28 15:05:03 2019,87.8,0,27,3.36,33.3,44.38
488,San Policarpo,PH,Sun Jul 28 15:05:03 2019,76.37,100,84,2.82,12.18,125.51
489,Bonavista,CA,Sun Jul 28 15:05:04 2019,66.99,100,61,8.01,48.65,-53.11
490,Batemans Bay,AU,Sun Jul 28 15:05:04 2019,44.01,51,88,1.99,-35.71,150.18
491,Nouadhibou,MR,Sun Jul 28 15:05:04 2019,71.6,3,78,12.75,20.93,-17.03
492,Asyut,EG,Sun Jul 28 15:05:05 2019,82.4,0,42,3.36,27.18,31.19
493,Svetlaya,RU,Sun Jul 28 15:05:05 2019,69.17,100,90,1.45,46.54,138.33
494,Ambon,ID,Sun Jul 28 15:00:20 2019,71.6,40,94,3.36,-3.7,128.18
495,Monteiro,BR,Sun Jul 28 15:05:06 2019,72.59,58,66,13.51,-7.89,-37.12
496,Ust-Nera,RU,Sun Jul 28 15:05:06 2019,49.55,79,59,5.57,64.57,143.24
497,Trairi,BR,Sun Jul 28 15:05:06 2019,78.35,89,71,5.35,-3.28,-39.27
498,Belaya Gora,RU,Sun Jul 28 15:05:07 2019,44.69,72,67,6.71,68.54,146.19
499,Seymchan,RU,Sun Jul 28 15:05:07 2019,50.09,97,90,6.71,62.93,152.39
500,Boyolangu,ID,Sun Jul 28 15:05:07 2019,63.05,62,92,3.6,-8.09,111.9
501,Maan,PH,Sun Jul 28 15:05:08 2019,74.93,100,88,5.95,5.93,124.74
502,Los Algarrobos,PA,Sun Jul 28 15:05:08 2019,86.0,40,74,10.29,8.5,-82.43
503,Gunjur,GM,Sun Jul 28 15:05:08 2019,73.4,75,100,2.24,13.18,-16.76
504,Pundaguitan,PH,Sun Jul 28 15:05:09 2019,76.37,100,89,7.49,6.37,126.17
505,Tupaciguara,BR,Sun Jul 28 15:05:09 2019,69.8,0,37,8.05,-18.59,-48.7
506,Karpathos,GR,Sun Jul 28 15:05:10 2019,75.2,0,83,24.16,35.51,27.21
507,Bubaque,GW,Sun Jul 28 15:05:10 2019,77.63,100,85,8.84,11.28,-15.83
508,Kislovodsk,RU,Sun Jul 28 15:05:10 2019,66.0,0,82,6.71,43.91,42.72
509,Monte Azul,BR,Sun Jul 28 15:01:54 2019,68.27,61,57,6.06,-15.15,-42.87
510,Visby,SE,Sun Jul 28 15:05:11 2019,70.0,0,82,6.93,57.64,18.3
511,Dunedin,NZ,Sun Jul 28 15:03:50 2019,46.99,100,83,1.99,-45.87,170.5
512,Benidorm,ES,Sun Jul 28 15:05:11 2019,81.0,0,78,1.12,38.54,-0.13
513,Aswan,EG,Sun Jul 28 15:05:12 2019,91.4,0,19,11.41,24.09,32.9
514,Verkhoturye,RU,Sun Jul 28 15:05:12 2019,56.75,100,98,3.15,58.86,60.81
515,Inirida,CO,Sun Jul 28 15:05:12 2019,78.89,79,85,4.41,3.87,-67.92
516,Bulgan,MN,Sun Jul 28 15:05:13 2019,45.77,100,97,6.82,48.81,103.53
517,Cairns,AU,Sun Jul 28 15:03:38 2019,64.4,75,82,16.11,-16.92,145.77
518,Fuerte,PH,Sun Jul 28 15:05:13 2019,81.59,100,82,21.68,17.54,120.36
519,Kawalu,ID,Sun Jul 28 15:05:13 2019,61.25,57,93,3.87,-7.38,108.21
520,Ambilobe,MG,Sun Jul 28 15:05:14 2019,70.61,0,85,3.36,-13.19,49.05
521,Najran,SA,Sun Jul 28 15:05:14 2019,93.2,40,15,4.7,17.54,44.22
522,Tingi,TZ,Sun Jul 28 15:05:14 2019,58.73,1,78,1.45,-11.3,35.03
523,Aljezur,PT,Sun Jul 28 15:05:15 2019,71.01,0,62,17.74,37.31,-8.8
524,Nezhinka,RU,Sun Jul 28 15:05:15 2019,64.4,20,82,13.42,51.77,55.37
525,Ningbo,CN,Sun Jul 28 15:05:15 2019,82.4,0,83,4.47,29.88,121.54
526,Omboue,GA,Sun Jul 28 15:05:15 2019,74.57,79,79,9.82,-1.57,9.26
527,Chifeng,CN,Sun Jul 28 15:05:16 2019,74.57,100,64,10.2,42.27,118.96
528,Merksplas,BE,Sun Jul 28 15:05:16 2019,64.99,0,88,2.24,51.36,4.86
529,Orzhytsya,UA,Sun Jul 28 15:05:16 2019,69.35,37,73,2.1,49.79,32.7
530,Kolda,SN,Sun Jul 28 15:05:17 2019,78.8,40,94,7.85,12.89,-14.94
531,Srikakulam,IN,Sun Jul 28 15:05:17 2019,74.39,100,95,9.64,18.29,83.89
532,Yantal,RU,Sun Jul 28 15:05:17 2019,57.65,68,87,6.33,56.85,105.25
533,Chakulia,IN,Sun Jul 28 15:05:17 2019,77.99,70,92,1.72,22.48,86.72
534,Nha Trang,VN,Sun Jul 28 15:05:18 2019,82.4,75,83,2.24,12.24,109.19
535,Malinovoye Ozero,RU,Sun Jul 28 15:05:18 2019,65.03,72,56,9.75,51.68,79.77
536,Yertarskiy,RU,Sun Jul 28 15:05:19 2019,59.45,59,90,3.98,56.79,64.3
537,Launceston,AU,Sun Jul 28 15:01:33 2019,48.0,61,100,9.17,-41.43,147.14
538,Puerto Leguizamo,CO,Sun Jul 28 15:05:19 2019,76.37,31,93,2.51,-0.19,-74.78
539,Pitimbu,BR,Sun Jul 28 15:01:48 2019,75.2,40,88,6.93,-7.47,-34.81
540,Peterhead,GB,Sun Jul 28 15:05:20 2019,63.0,90,93,4.7,57.51,-1.8
541,Dhule,IN,Sun Jul 28 15:05:20 2019,76.55,100,84,22.64,20.9,74.77
542,Gazalkent,UZ,Sun Jul 28 15:05:20 2019,75.2,0,44,9.17,41.57,69.78
543,Warkworth,NZ,Sun Jul 28 15:05:21 2019,59.0,100,86,1.99,-36.4,174.66
544,Meybod,IR,Sun Jul 28 15:05:21 2019,91.4,0,11,4.7,32.25,54.02
545,Marawi,SD,Sun Jul 28 15:05:21 2019,97.61,19,13,13.15,18.48,31.82
546,Pontarlier,FR,Sun Jul 28 15:05:22 2019,60.8,89,93,1.12,46.9,6.36
547,Chumikan,RU,Sun Jul 28 15:05:22 2019,58.19,0,84,7.78,54.72,135.31
548,Umm Kaddadah,SD,Sun Jul 28 15:05:22 2019,88.07,1,44,19.84,13.6,26.69
549,Christchurch,NZ,Sun Jul 28 15:05:23 2019,54.0,96,93,4.7,-43.53,172.64
550,Konza,KE,Sun Jul 28 15:01:07 2019,64.4,75,59,8.05,-1.74,37.13
551,Oksfjord,NO,Sun Jul 28 15:05:23 2019,51.8,75,87,12.75,70.24,22.35
552,Dzilam Gonzalez,MX,Sun Jul 28 15:05:24 2019,82.13,0,84,17.13,21.28,-88.93
553,Sal Rei,CV,Sun Jul 28 15:05:24 2019,77.0,40,73,10.29,16.18,-22.92
554,Los Barrios,ES,Sun Jul 28 15:05:24 2019,73.4,75,73,6.93,36.19,-5.49
555,Novoagansk,RU,Sun Jul 28 15:05:25 2019,51.17,87,81,9.42,61.94,76.66
556,Krasnyy Yar,RU,Sun Jul 28 15:05:25 2019,62.87,73,88,7.87,50.7,44.73
557,Chalus,IR,Sun Jul 28 15:05:25 2019,77.0,75,73,3.11,36.66,51.42
558,Malaryta,BY,Sun Jul 28 15:05:25 2019,70.25,94,88,5.93,51.79,24.08
